Honolulu, 68, 56
Hawaii, 257.8408874087192, 200.11202667695522
Maui, 133, 86
Maui, 135, 113
Maui, 187, 115
Maui, 162, 136
Kauai, 20, 14
Kalawao, 133.5, 82.5